INSERT INTO authorities(id,type) VALUES (1,'ADMIN');
INSERT INTO authorities(id,type) VALUES (2,'PLAYER');
INSERT INTO users(id,username,password,authority,birthdate,name,surname,email, avatar)
VALUES (1,'admin1','$2a$10$nMmTWAhPTqXqLDJTag3prumFrAJpsYtroxf0ojesFYq0k4PmcbWUS',
        1,'1990-01-15','El Super','Admin','admin1@endofline.com', 'https://cdn-icons-png.flaticon.com/512/3541/3541871.png');

INSERT INTO users(id,username,password,authority,birthdate,name,surname,email, avatar)
VALUES (4,'player1','$2a$10$DaS6KIEfF5CRTFrxIoGc7emY3BpZZ0.fVjwA3NiJ.BjpGNmocaS3e',
        2,'2000-03-12','Liam','Torres','liam.torres@email.com', 'https://cdn-icons-png.flaticon.com/512/3541/3541871.png');

INSERT INTO users(id,username,password,authority,birthdate,name,surname,email, avatar)
VALUES (5,'player2','$2a$10$DaS6KIEfF5CRTFrxIoGc7emY3BpZZ0.fVjwA3NiJ.BjpGNmocaS3e',
        2,'1999-07-25','Emma','Rodríguez','emma.rodriguez@email.com', 'https://cdn-icons-png.flaticon.com/512/3541/3541871.png');

INSERT INTO users(id,username,password,authority,birthdate,name,surname,email, avatar)
VALUES (6,'player3','$2a$10$DaS6KIEfF5CRTFrxIoGc7emY3BpZZ0.fVjwA3NiJ.BjpGNmocaS3e',
        2,'2001-02-18','Noah','Gómez','noah.gomez@email.com', 'https://cdn-icons-png.flaticon.com/512/3541/3541871.png');

INSERT INTO users(id,username,password,authority,birthdate,name,surname,email, avatar)
VALUES (7,'player4','$2a$10$DaS6KIEfF5CRTFrxIoGc7emY3BpZZ0.fVjwA3NiJ.BjpGNmocaS3e',
        2,'1998-10-09','Olivia','Martínez','olivia.martinez@email.com', 'https://cdn-icons-png.flaticon.com/512/3541/3541871.png');

INSERT INTO users(id,username,password,authority,birthdate,name,surname,email, avatar)
VALUES (8,'player5','$2a$10$DaS6KIEfF5CRTFrxIoGc7emY3BpZZ0.fVjwA3NiJ.BjpGNmocaS3e',
        2,'2002-06-30','Elías','Navarro','elias.navarro@email.com', 'https://cdn-icons-png.flaticon.com/512/3541/3541871.png');

INSERT INTO users(id,username,password,authority,birthdate,name,surname,email, avatar)
VALUES (9,'player6','$2a$10$DaS6KIEfF5CRTFrxIoGc7emY3BpZZ0.fVjwA3NiJ.BjpGNmocaS3e',
        2,'2000-12-14','Ava','Serrano','ava.serrano@email.com', 'https://cdn-icons-png.flaticon.com/512/3541/3541871.png');

INSERT INTO users(id,username,password,authority,birthdate,name,surname,email, avatar)
VALUES (10,'player7','$2a$10$DaS6KIEfF5CRTFrxIoGc7emY3BpZZ0.fVjwA3NiJ.BjpGNmocaS3e',
        2,'1997-08-21','Lucas','Fernández','lucas.fernandez@email.com', 'https://cdn-icons-png.flaticon.com/512/3541/3541871.png');

INSERT INTO users(id,username,password,authority,birthdate,name,surname,email, avatar)
VALUES (11,'player8','$2a$10$DaS6KIEfF5CRTFrxIoGc7emY3BpZZ0.fVjwA3NiJ.BjpGNmocaS3e',
        2,'2003-11-02','Mia','Jiménez','mia.jimenez@email.com', 'https://cdn-icons-png.flaticon.com/512/3541/3541871.png');

INSERT INTO users(id,username,password,authority,birthdate,name,surname,email, avatar)
VALUES (12,'player9','$2a$10$DaS6KIEfF5CRTFrxIoGc7emY3BpZZ0.fVjwA3NiJ.BjpGNmocaS3e',
        2,'2001-05-16','Mateo','Ruiz','mateo.ruiz@email.com', 'https://cdn-icons-png.flaticon.com/512/3541/3541871.png');

INSERT INTO users(id,username,password,authority,birthdate,name,surname,email, avatar)
VALUES (13,'player10','$2a$10$DaS6KIEfF5CRTFrxIoGc7emY3BpZZ0.fVjwA3NiJ.BjpGNmocaS3e',
        2,'1999-09-27','Isabella','Morales','isabella.morales@email.com', 'https://cdn-icons-png.flaticon.com/512/3541/3541871.png');

INSERT INTO users(id,username,password,authority,birthdate,name,surname,email, avatar)
VALUES (14,'RRP9465','$2a$10$DaS6KIEfF5CRTFrxIoGc7emY3BpZZ0.fVjwA3NiJ.BjpGNmocaS3e',
        2,'1998-04-04','Makar','Lavrov','makar.lavrov@email.com', 'https://cdn-icons-png.flaticon.com/512/3541/3541871.png');

INSERT INTO users(id,username,password,authority,birthdate,name,surname,email, avatar)
VALUES (15,'DYS4321','$2a$10$DaS6KIEfF5CRTFrxIoGc7emY3BpZZ0.fVjwA3NiJ.BjpGNmocaS3e',
        2,'2000-01-30','Domingo','Ruiz Bellido','domingo.ruiz@email.com', 'https://cdn-icons-png.flaticon.com/512/3541/3541871.png');

INSERT INTO users(id,username,password,authority,birthdate,name,surname,email, avatar)
VALUES (16,'FLX0814','$2a$10$DaS6KIEfF5CRTFrxIoGc7emY3BpZZ0.fVjwA3NiJ.BjpGNmocaS3e',
        2,'1997-03-08','Angelo Sho','Moraschi','angelo.moraschi@email.com', 'https://cdn-icons-png.flaticon.com/512/3541/3541871.png');

INSERT INTO users(id,username,password,authority,birthdate,name,surname,email, avatar)
VALUES (17,'HNR0360','$2a$10$DaS6KIEfF5CRTFrxIoGc7emY3BpZZ0.fVjwA3NiJ.BjpGNmocaS3e',
        2,'2001-09-12','Fernando Jose','Fernandez Fernandez','fernando.fernandez@email.com', 'https://cdn-icons-png.flaticon.com/512/3541/3541871.png');

INSERT INTO users(id,username,password,authority,birthdate,name,surname,email, avatar)
VALUES (18,'VMC1155','$2a$10$DaS6KIEfF5CRTFrxIoGc7emY3BpZZ0.fVjwA3NiJ.BjpGNmocaS3e',
        2,'1998-11-22','Alejandro','Urbina Tamayo','alejandro.urbina@email.com', 'https://cdn-icons-png.flaticon.com/512/3541/3541871.png');
        
INSERT INTO users(id,username,password,authority,birthdate,name,surname,email, avatar)
VALUES (19,'deleted','$2a$12$JR5FbZB6JfLtu1pG3dkqV.D9SSZ77mFeJnIPoKeaBoanZkzThIdbi',
        2,'1998-11-22','User','Deleted','userDeleted@email.com', 'https://cdn-icons-png.flaticon.com/512/3541/3541871.png');

INSERT INTO achievements(id,name,description,threshold,badge_image,category) VALUES (1,'Rookie','Play at least 5 games',5.0,'/images/rookiegb.png','GAMES_PLAYED');
INSERT INTO achievements(id,name,description,threshold,badge_image,category) VALUES (2,'Experienced','Play at least 25 games',25.0,'/images/experiencedgb.png','GAMES_PLAYED');
INSERT INTO achievements(id,name,description,threshold,badge_image,category) VALUES (3,'Old Soldier','Play at least 50 games',50.0,'/images/oldsoldiergb.png','GAMES_PLAYED');
INSERT INTO achievements(id,name,description,threshold,badge_image,category) VALUES (4,'Winner','Win at least 2 games',2.0,'/images/winnergb.png','VICTORIES');
INSERT INTO achievements(id,name,description,threshold,badge_image,category) VALUES (5,'Master','Win at least 10 games',10.0,'/images/mastergb.png','VICTORIES');
INSERT INTO achievements(id,name,description,threshold,badge_image,category) VALUES (6,'Legend','Win at least 25 games',25.0,'/images/legendgb.png','VICTORIES');
INSERT INTO achievements(id,name,description,threshold,badge_image,category) VALUES (7,'Time Rookie','Play at least 10 hours in total',600.0,'/images/timerookiegb.png','TOTAL_PLAY_TIME');
INSERT INTO achievements(id,name,description,threshold,badge_image,category) VALUES (8,'Time Devotee','Play at least 30 hours in total',1800.0,'/images/timedevoteegb.png','TOTAL_PLAY_TIME');
INSERT INTO achievements(id,name,description,threshold,badge_image,category) VALUES (9,'Time Master','Play at least 50 hours in total',3000.0,'/images/timemastergb.png','TOTAL_PLAY_TIME');

INSERT INTO games(id, round, started_at, ended_at, winner_id, host_id) VALUES
        (8, 6, '2025-10-10 10:15:00', '2025-10-10 11:45:00', 4, 4),
        (9, 7, '2025-10-11 11:45:00', '2025-10-12 09:00:00',  6, 6),
        (10, 8, '2025-10-12 14:30:00', '2025-10-13 14:30:00', 8, 8),
        (11, 9, '2025-10-08 13:20:00', '2025-10-15 15:00:00', 10, 10),
        (12, 10, '2025-10-09 12:30:00', '2025-10-16 13:15:00', 12, 12),
        (13, 12, '2025-10-14 19:30:00', '2025-10-18 21:00:00', 14, 14);

INSERT INTO game_players (id, energy, game_id, user_id) VALUES
        (15, 3, 8, 4),
        (16, 3, 8, 5),
        (17, 3, 9, 6),
        (18, 3, 9, 7),
        (19, 3, 10, 8),
        (20, 3, 10, 9),
        (21, 3, 11, 10),
        (22, 3, 11, 11),
        (23, 3, 12, 12),
        (24, 3, 12, 13),
        (25, 3, 13, 14),
        (26, 3, 13, 15);

INSERT INTO friendships (id, sender_id, receiver_id, friend_state) VALUES
    (1, 1, 4, 'ACCEPTED'),
    (2, 4, 5, 'PENDING'),
    (3, 6, 4, 'ACCEPTED'),
    (4, 7, 8, 'ACCEPTED'),
    (5, 9, 10, 'PENDING'),
    (6, 11, 12, 'ACCEPTED'),
    (7, 1, 10, 'ACCEPTED'),
    (8, 1, 7, 'ACCEPTED'),
    (9, 7, 9, 'PENDING'),
    (10, 4, 7, 'ACCEPTED'),
    (11, 5, 7, 'PENDING'),
    (12, 8, 9, 'ACCEPTED'),
    (13, 8, 4, 'ACCEPTED'),
    (14, 11, 4, 'PENDING');


INSERT INTO cards (id, color, image, initiative) VALUES
    (1, 0, '/cards/CB_0010_2.png', 2),
    (2, 0, '/cards/CB_0100_1.png', 1),
    (3, 0, '/cards/CB_0110_3.png', 3),
    (4, 0, '/cards/CB_1000_2.png', 2),
    (5, 0, '/cards/CB_1010_4.png', 4),
    (6, 0, '/cards/CB_1100_3.png', 3),
    (7, 0, '/cards/CB_1110_0.png', 0),
    (8, 0, '/cards/CB_1110_5.png', 5),
    (9, 0, '/cards/CB_BACK.png', null),
    (10, 0, '/cards/CB_ENERGY.png', null),
    (11, 0, '/cards/CB_START.png', null),
    (12, 1, '/cards/CG_0010_2.png', 2),
    (13, 1, '/cards/CG_0100_1.png', 1),
    (14, 1, '/cards/CG_0110_3.png', 3),
    (15, 1, '/cards/CG_1000_2.png', 2),
    (16, 1, '/cards/CG_1010_4.png', 4),
    (17, 1, '/cards/CG_1100_3.png', 3),
    (18, 1, '/cards/CG_1110_0.png', 0),
    (19, 1, '/cards/CG_1110_5.png', 5),
    (20, 1, '/cards/CG_BACK.png', null),
    (21, 1, '/cards/CG_ENERGY.png', null),
    (22, 1, '/cards/CG_START.png', null),
    (23, 2, '/cards/CM_0010_2.png', 2),
    (24, 2, '/cards/CM_0100_1.png', 1),
    (25, 2, '/cards/CM_0110_3.png', 3),
    (26, 2, '/cards/CM_1000_2.png', 2),
    (27, 2, '/cards/CM_1010_4.png', 4),
    (28, 2, '/cards/CM_1100_3.png', 3),
    (29, 2, '/cards/CM_1110_0.png', 0),
    (30, 2, '/cards/CM_1110_5.png', 5),
    (31, 2, './cards/CM_BACK.png', null),
    (32, 2, '/cards/CM_ENERGY.png', null),
    (33, 2, '/cards/CM_START.png', null),
    (34, 4, '/cards/CO_0010_2.png', 2),
    (35, 4, '/cards/CO_0100_1.png', 1),
    (36, 4, '/cards/CO_0110_3.png', 3),
    (37, 4, '/cards/CO_1000_2.png', 2),
    (38, 4, '/cards/CO_1010_4.png', 4),
    (39, 4, '/cards/CO_1100_3.png', 3),
    (40, 4, '/cards/CO_1110_0.png', 0),
    (41, 4, '/cards/CO_1110_5.png', 5),
    (42, 4, '/cards/CO_BACK.png', null),
    (43, 4, '/cards/CO_ENERGY.png', null),
    (44, 4, '/cards/CO_START.png', null),
    (45, 5, '/cards/CR_0010_2.png', 2),
    (46, 5, '/cards/CR_0100_1.png', 1),
    (47, 5, '/cards/CR_0110_3.png', 3),
    (48, 5, '/cards/CR_1000_2.png', 2),
    (49, 5, '/cards/CR_1010_4.png', 4),
    (50, 5, '/cards/CR_1100_3.png', 3),
    (51, 5, '/cards/CR_1110_0.png', 0),
    (52, 5, '/cards/CR_1110_5.png', 5),
    (53, 5, '/cards/CR_BACK.png', null),
    (54, 5, '/cards/CR_ENERGY.png', null),
    (55, 5, '/cards/CR_START.png', null),
    (56, 3, '/cards/CV_0010_2.png', 2),
    (57, 3, '/cards/CV_0100_1.png', 1),
    (58, 3, '/cards/CV_0110_3.png', 3),
    (59, 3, '/cards/CV_1000_2.png', 2),
    (60, 3, '/cards/CV_1010_4.png', 4),
    (61, 3, '/cards/CV_1100_3.png', 3),
    (62, 3, '/cards/CV_1110_0.png', 0),
    (63, 3, '/cards/CV_1110_5.png', 5),
    (64, 3, '/cards/CV_BACK.png', null),
    (65, 3, '/cards/CV_ENERGY.png', null),
    (66, 3, '/cards/CV_START.png', null),
    (67, 7, '/cards/CW_0010_2.png', 2),
    (68, 7, '/cards/CW_0100_1.png', 1),
    (69, 7, '/cards/CW_0110_3.png', 3),
    (70, 7, '/cards/CW_1000_2.png', 2),
    (71, 7, '/cards/CW_1010_4.png', 4),
    (72, 7, '/cards/CW_1100_3.png', 3),
    (73, 7, '/cards/CW_1110_0.png', 0),
    (74, 7, '/cards/CW_1110_5.png', 5),
    (75, 7, '/cards/CW_BACK.png', null),
    (76, 7, '/cards/CW_ENERGY.png', null),
    (77, 7, '/cards/CW_START.png', null),
    (78, 6, '/cards/CY_0010_2.png', 2),
    (79, 6, '/cards/CY_0100_1.png', 1),
    (80, 6, '/cards/CY_0110_3.png', 3),
    (81, 6, '/cards/CY_1000_2.png', 2),
    (82, 6, '/cards/CY_1010_4.png', 4),
    (83, 6, '/cards/CY_1100_3.png', 3),
    (84, 6, '/cards/CY_1110_0.png', 0),
    (85, 6, '/cards/CY_1110_5.png', 5),
    (86, 6, '/cards/CY_BACK.png', null),
    (87, 6, '/cards/CY_ENERGY.png', null),
    (88, 6, '/cards/CY_START.png', null);
